tbl,idx,stat
"colosseum_enhance_data","colosseum_enhance_data_0_enhance_id","60 10"
"caravan_goal_bonus","caravan_goal_bonus_0_season_id","26 13"
"trial_battle_data","trial_battle_data_0_category_id","25 5"
"event_gacha_data","event_gacha_data_0_event_id","102 1"
"hatsune_quiz","hatsune_quiz_0_event_id_1_release_quest_id","8 4 1"
"hatsune_quiz","hatsune_quiz_0_event_id","8 4"
"goldset_data_2",NULL,"70"
"clan_battle_training_schedule","clan_battle_training_schedule_0_clan_battle_id","18 1"
"caravan_map","caravan_map_0_season_id","653 327"
"tdf_battle_effect","tdf_battle_effect_0_quest_id","137 3"
"ssp_story_data","ssp_story_data_0_contents_type","22 6"
"ssp_story_data","ssp_story_data_0_original_event_id","22 22"
"hatsune_special_battle","hatsune_special_battle_0_wave_group_id","324 1"
"hatsune_special_battle","hatsune_special_battle_0_event_id","324 3"
"hatsune_special_battle","sqlite_autoindex_hatsune_special_battle_1","324 3 1"
"event_introduction","event_introduction_0_event_id","78 1"
"stamp",NULL,"89"
"dungeon_area_data",NULL,"7"
"colosseum_mission_data","colosseum_mission_data_0_schedule_id_1_difficulty","26 26 7"
"legion_add_times_data",NULL,"168"
"hatsune_boss_enemy_setting","hatsune_boss_enemy_setting_0_boss_id_1_event_id","65 3 3"
"hatsune_boss_enemy_setting","sqlite_autoindex_hatsune_boss_enemy_setting_1","65 3 1"
"fix_lineup_group_set","fix_lineup_group_set_0_team_level_from_1_team_level_to","37 4 3"
"fix_lineup_group_set","sqlite_autoindex_fix_lineup_group_set_1","37 6 1 1"
"sekai_top_data","sekai_top_data_0_sekai_id","22 11"
"room_release_data",NULL,"3"
"tdf_top_offset",NULL,"5"
"cgg_game_settings",NULL,"1"
"fke_reward",NULL,"15"
"nyx_phase_data",NULL,"3"
"event_boss_treasure_box",NULL,"486"
"shiori_event_list","shiori_event_list_0_series_event_id","31 31"
"shiori_event_list","shiori_event_list_0_original_event_id","31 1"
"grand_arena_max_season_rank_reward",NULL,"118"
"birthday_login_bonus_data",NULL,"209"
"sp_lose_voice",NULL,"4"
"caravan_effect_setting","caravan_effect_setting_0_scene_type_1_effect_type","27 4 2"
"caravan_effect_setting","caravan_effect_setting_0_scene_type","27 4"
"legion_battle_bonus_effect",NULL,"124"
"legion_battle_bonus","legion_battle_bonus_0_type_1_legion_boss_id","124 62 16"
"legion_battle_bonus","legion_battle_bonus_0_type","124 62"
"arcade_description","arcade_description_0_arcade_id_1_type","8 4 3"
"arcade_description","arcade_description_0_arcade_id","8 4"
"mhp_drama_script","mhp_drama_script_0_drama_id","2814 83"
"ske_story_script","ske_story_script_0_story_id","737 67"
"event_wave_group_data",NULL,"4518"
"hatsune_quest_area","hatsune_quest_area_0_event_id","253 3"
"goldset_data_teamlevel",NULL,"300"
"promotion_bonus","promotion_bonus_0_unit_id","416 2"
"promotion_bonus","sqlite_autoindex_promotion_bonus_1","416 2 1"
"sre_battle_bonus_effect",NULL,"197"
"sjr_reward",NULL,"15"
"nyx_story_script","nyx_story_script_0_story_id","785 72"
"dear_setting",NULL,"32"
"secret_dungeon_quest_data","secret_dungeon_quest_data_0_dungeon_area_id_1_difficulty","350 50 10"
"secret_dungeon_quest_data","secret_dungeon_quest_data_0_dungeon_area_id_1_floor_num","350 50 5"
"arena_max_rank_reward",NULL,"79"
"birthday_login_bonus_drama_script","birthday_login_bonus_drama_script_0_drama_id","3896 58"
"growth_restriction_unit","growth_restriction_unit_0_growth_id","20 1"
"sre_quest_difficulty_data","sqlite_autoindex_sre_quest_difficulty_data_1","21 3 1"
"pct_combo_coefficient",NULL,"6"
"campaign_freegacha_data",NULL,"105"
"actual_unit_background",NULL,"235"
"room_effect_reward_get","sqlite_autoindex_room_effect_reward_get_1","126 9 1"
"voice_group",NULL,"370"
"sjr_proper_evaluation",NULL,"3"
"wac_present_still_data","sqlite_autoindex_wac_present_still_data_1","15 15 1"
"travel_result_except_unit_group","travel_result_except_unit_group_0_except_unit_group_id","3 2"
"clan_battle_period","clan_battle_period_0_clan_battle_id","56 1"
"clan_battle_period","sqlite_autoindex_clan_battle_period_1","56 1 1"
"room_chat_scenario","room_chat_scenario_0_id","323 9"
"room_chat_scenario","sqlite_autoindex_room_chat_scenario_1","323 9 1"
"login_bonus_detail","login_bonus_detail_0_login_bonus_id_1_count","300 10 2"
"redeem_unit","redeem_unit_0_unit_id","2 2"
"unit_status_coefficient",NULL,"1"
"caravan_map_layout",NULL,"653"
"travel_quest_data","travel_quest_data_0_travel_area_id","14 5"
"psy_drama_script","psy_drama_script_0_drama_id","667 61"
"pkb_batter_condition",NULL,"9"
"xeh_story_data","xeh_story_data_0_original_event_id","10 10"
"lto_letter_script","lto_letter_script_0_letter_id","54 54"
"clan_battle_archive_clan_rank",NULL,"14"
"dungeon_special_enemy_setting","dungeon_special_enemy_setting_0_special_battle_id","5 2"
"dungeon_special_enemy_setting","dungeon_special_enemy_setting_0_special_battle_id_1_enemy_identify","5 2 1"
"dungeon_special_enemy_setting","sqlite_autoindex_dungeon_special_enemy_setting_1","5 2 1"
"album_production_list","album_production_list_0_unit_id","2239 10"
"still","still_0_still_group_id","1623 5"
"still","still_0_story_id","1623 2"
"special_story_banner","special_story_banner_0_story_group_id","2 1"
"seasonpass_mission_reward_data","seasonpass_mission_reward_data_0_mission_reward_id","18 2"
"shiori_boss_condition",NULL,"132"
"special_still",NULL,"2"
"voice_group_chara",NULL,"300"
"dear_story_detail","dear_story_detail_0_story_group_id","533 21"
"dear_story_detail","dear_story_detail_0_story_group_id_1_chara_index","533 21 8"
"asm_many_answers_data",NULL,"251"
"caravan_drama","caravan_drama_0_drama_id","589 59"
"sjr_parameter_evaluation",NULL,"4"
"nyx_story_data","nyx_story_data_0_story_phase","15 5"
"nyx_story_data","nyx_story_data_0_story_seq","15 1"
"clan_battle_s_boss_data",NULL,"330"
"clan_battle_2_map_data","clan_battle_2_map_data_0_clan_battle_id","256 5"
"love_rankup","love_rankup_0_unit_id","32 7"
"love_rankup","sqlite_autoindex_love_rankup_1","32 7 1"
"story_data",NULL,"266"
"colosseum_quest_data",NULL,"9"
"sre_add_times_data","sre_add_times_data_0_sre_id","168 168"
"taq_game_setting",NULL,"1"
"kaiser_special_battle",NULL,"3"
"pkb_pitcher_ball_type","pkb_pitcher_ball_type_0_pitcher_id","17 5"
"pkb_pitcher_ball_type","sqlite_autoindex_pkb_pitcher_ball_type_1","17 5 1"
"hatsune_present","hatsune_present_0_event_id","6 1"
"clan_cost_group",NULL,"6"
"navi_comment",NULL,"90"
"unit_skill_data_rf","unit_skill_data_rf_0_rf_skill_id","74 1"
"unit_skill_data_rf","unit_skill_data_rf_0_skill_id","74 1"
"metamorphose","metamorphose_0_type_id","4 2"
"metamorphose","sqlite_autoindex_metamorphose_1","4 2 1"
"taq_necessary_word",NULL,"113"
"legion_effective_unit","legion_effective_unit_0_legion_boss_id","76 19"
"legion_effective_unit","sqlite_autoindex_legion_effective_unit_1","76 19 1"
"srt_reward",NULL,"15"
"event_reminder","event_reminder_0_event_id","19 2"
"event_revival_wave_group_data",NULL,"4518"
"shiori_stationary_mission_data",NULL,"723"
"campaign_freegacha_sp",NULL,"1"
"redeem_unit_bg",NULL,"1"
"story_quest_data",NULL,"14"
"ub_auto_define",NULL,"305"
"miroku_special_battle","sqlite_autoindex_miroku_special_battle_1","3 3 1"
"sjr_score","sqlite_autoindex_sjr_score_1","9 3 1"
"spskill_label_data",NULL,"18"
"asm_true_or_false_data",NULL,"899"
"caravan_buff_disp","caravan_buff_disp_0_type_1_effect_id","22 11 2"
"travel_round_event_data","sqlite_autoindex_travel_round_event_data_1","3 3 1"
"kaiser_extermination_reward",NULL,"4"
"emblem_data",NULL,"920"
"vote_unit","sqlite_autoindex_vote_unit_1","55 55 1"
"pct_itempoint","pct_itempoint_0_item_id","3 1"
"hatsune_diary_setting",NULL,"1"
"hatsune_quest","hatsune_quest_0_event_id","2040 20"
"secret_dungeon_enemy_info","sqlite_autoindex_secret_dungeon_enemy_info_1","35 5 1"
"room_unit_comments","room_unit_comments_0_unit_id","6817 24"
"room_unit_comments","sqlite_autoindex_room_unit_comments_1","6817 24 8 2 1"
"tower_story_detail",NULL,"144"
"quest_annihilation","sqlite_autoindex_quest_annihilation_1","179 179 1"
"byway_quest_data","byway_quest_data_0_area_id","26 7"
"miroku_boss_data",NULL,"1"
"sjr_emblem",NULL,"2"
"legion_mission_data","legion_mission_data_0_category_id","29 6"
"travel_quest_sub_reward","travel_quest_sub_reward_0_reward_id","724 4"
"travel_quest_sub_reward","travel_quest_sub_reward_0_travel_quest_id","724 52"
"pkb_drama_data",NULL,"38"
"srt_score",NULL,"3"
"lsv_story_data","lsv_story_data_0_original_event_id","15 15"
"hatsune_daily_mission_data",NULL,"197"
"room_exclusive_condition","room_exclusive_condition_0_room_item_id","2 2"
"room_exclusive_condition","room_exclusive_condition_0_unit_id","2 1"
"login_bonus_message_data","login_bonus_message_data_0_login_bonus_id","572 72"
"rarity_6_quest_data","rarity_6_quest_data_0_rarity_6_quest_id","48 1"
"app_icon",NULL,"74"
"shiori_enemy_parameter",NULL,"3769"
"goldset_data",NULL,"70"
"sekai_add_times_data",NULL,"12"
"clan_battle_s_map_data","clan_battle_s_map_data_0_clan_battle_id","246 4"
"unit_unique_equip",NULL,"186"
"story_detail","story_detail_0_unlock_quest_id","1748 6"
"content_map_data",NULL,"5"
"colosseum_mission_reward_data","colosseum_mission_reward_data_0_mission_reward_id","26 1"
"legion_effect",NULL,"2"
"space_battle_data",NULL,"1"
"space_schedule",NULL,"1"
"pct_evaluation",NULL,"5"
"dsb_story_data","dsb_story_data_0_original_event_id","9 9"
"uek_spine_anim_link","uek_spine_anim_link_0_anim_num","50 13"
"hatsune_multi_route_parameter","hatsune_multi_route_parameter_0_type","20 5"
"hatsune_multi_route_parameter","hatsune_multi_route_parameter_0_quest_id","20 2"
"hatsune_boss_condition",NULL,"464"
"sekai_enemy_parameter",NULL,"6"
"clan_battle_period_rank_reward",NULL,"825"
"event_story_detail","event_story_detail_0_story_group_id","477 9"
"worldmap","worldmap_0_map_type","5 2"
"training_quest_data",NULL,"28"
"caravan_dish_reward",NULL,"4"
"taq_good_unit",NULL,"1229"
"event_reminder_condition","event_reminder_condition_0_reminder_id","20 1"
"unit_introduction","unit_introduction_0_gacha_id","215 1"
"quest_reward_data",NULL,"6024"
"quest_data","quest_data_0_area_id","1132 9"
"space_top_data","space_top_data_0_story_id","8 2"
"space_top_data","space_top_data_0_space_id","8 8"
"ysn_story_data","ysn_story_data_0_original_event_id","135 68"
"hatsune_diary_data","hatsune_diary_data_0_contents_type","17 9"
"secret_dungeon_emblem_mission",NULL,"35"
"grand_arena_daily_rank_reward",NULL,"15"
"room_effect",NULL,"29"
"room_chat_info",NULL,"37"
"unit_unique_equipment","unit_unique_equipment_0_unit_id","160 1"
"unit_unique_equipment","sqlite_autoindex_unit_unique_equipment_1","160 1 1"
"unit_skill_data",NULL,"1750"
"mission_category_icon",NULL,"38"
"ccc_scenario","ccc_scenario_0_ccc_scenario_id","1000 200"
"emblem_mission_reward_data","emblem_mission_reward_data_0_reward_id","1168 2"
"emblem_mission_reward_data","emblem_mission_reward_data_0_mission_reward_id","1168 2"
"psy_reward",NULL,"11"
"tower_quest_fix_reward_group",NULL,"809"
"dvs_story_data","dvs_story_data_0_dvs_story_type","13 5"
"dvs_story_data","dvs_story_data_0_original_event_id","13 13"
"svd_story_data","svd_story_data_0_original_event_id","20 20"
"hatsune_special_mission_data",NULL,"659"
"sekai_unlock_story_condition",NULL,"5"
"dungeon_quest_data","dungeon_quest_data_0_dungeon_area_id","57 7"
"dungeon_quest_data","dungeon_quest_data_0_dungeon_area_id_1_floor_num","57 7 1"
"campaign_mission_reward_data","campaign_mission_reward_data_0_campaign_mission_reward_id","12 2"
"wac_data","wac_data_0_mural_group_id","413 28"
"wac_data","sqlite_autoindex_wac_data_1","413 413 1"
"emblem_mission_data",NULL,"730"
"pct_gaming_motion",NULL,"8"
"dear_reward","dear_reward_0_event_id_1_chara_index","390 14 5"
"shiori_mission_reward_data","shiori_mission_reward_data_0_mission_reward_id","2029 2"
"hatsune_unlock_unit_condition","hatsune_unlock_unit_condition_0_condition_mission_id","71 1"
"hatsune_unlock_unit_condition","hatsune_unlock_unit_condition_0_unit_id_1_event_id","71 2 1"
"room_chat_formation",NULL,"11"
"unit_ex_equipment_slot",NULL,"242"
"campaign_mission_data","campaign_mission_data_0_campaign_id_1_type","16 16 8"
"campaign_mission_data","campaign_mission_data_0_campaign_id","16 16"
"caravan_exclude_count_block",NULL,"1"
"taq_incorrect_word",NULL,"5"
"hatsune_relay_data",NULL,"48"
"prizegacha_sp_data","prizegacha_sp_data_0_gacha_id","43 11"
"prizegacha_sp_data","sqlite_autoindex_prizegacha_sp_data_1","43 11 1"
"custom_mypage_group",NULL,"17"
"album_voice_list","album_voice_list_0_unit_id","3182 37"
"season_pack","season_pack_0_pack_type","43 9"
"season_pack","season_pack_0_mission_id","43 6"
"asm_data","asm_data_0_difficulty","2050 684"
"asm_data","asm_data_0_genre_id_1_difficulty","2050 342 114"
"asm_data","asm_data_0_genre_id","2050 342"
"tdf_quest_data",NULL,"76"
"sjr_feature_group",NULL,"7"
"trial_battle_reward_data",NULL,"25"
"taq_drama_script","taq_drama_script_0_drama_id","30 6"
"travel_top_event_data","travel_top_event_data_0_top_event_id","44 1"
"travel_top_event_data","sqlite_autoindex_travel_top_event_data_1","44 1 1"
"hatsune_diary_script","hatsune_diary_script_0_diary_id","427 31"
"gift_message",NULL,"136"
"skill_action",NULL,"13129"
"ex_equipment_recycle_reward",NULL,"4"
"sre_enemy_parameter",NULL,"61"
"sre_effective_unit","sre_effective_unit_0_sre_boss_id_1_sre_id","209 30 30"
"sre_effective_unit","sqlite_autoindex_sre_effective_unit_1","209 30 1"
"sre_mission_category_data",NULL,"4"
"sjr_drama_script","sjr_drama_script_0_drama_id","223 10"
"cgg_drama","cgg_drama_0_drama_id","777 44"
"travel_quest_result_group","travel_quest_result_group_0_situation_group_id","34 4"
"ttk_story","ttk_story_0_ttk_score","5 1"
"sekai_schedule",NULL,"2"
"gacha_pickup","gacha_pickup_0_id_1_reward_id","37 6 1"
"gacha_pickup","gacha_pickup_0_id","37 6"
"gacha_pickup","sqlite_autoindex_gacha_pickup_1","37 6 1"
"prizegacha_data",NULL,"110"
"clan_battle_last_attack_reward",NULL,"3"
"clan_battle_schedule",NULL,"56"
"growth_parameter",NULL,"24"
"unit_background",NULL,"243"
"ex_equipment_category",NULL,"19"
"travel_decrease_time_cost",NULL,"36"
"travel_start_drama","travel_start_drama_0_drama_id","192 64"
"wts_story_data","wts_story_data_0_original_event_id","7 7"
"odds_name_data",NULL,"266"
"hatsune_series_gacha_reference",NULL,"3"
"hatsune_special_boss_ticket_count",NULL,"1"
"sekai_boss_mode",NULL,"12"
"gacha_data","gacha_data_0_exchange_id","720 4"
"room_character_skin_color",NULL,"247"
"room_item_detail","room_item_detail_0_lvup_trigger_type_2_1_lvup_trigger_id_2","607 607 607"
"room_item_detail","room_item_detail_0_lvup_trigger_type_1_lvup_trigger_id","607 304 304"
"room_item_detail","sqlite_autoindex_room_item_detail_1","607 2 1"
"redeem_static_price_group",NULL,"2"
"quest_defeat_notice",NULL,"6"
"ex_equipment_rankup_data","sqlite_autoindex_ex_equipment_rankup_data_1","5 2 1"
"byway_battle_quest_data",NULL,"26"
"taq_rewards",NULL,"13"
"cgg_completion_reward_data","cgg_completion_reward_data_0_completion_id","5 1"
"serial_group_data",NULL,"5"
"ttk_drama","ttk_drama_0_drama_id","62 11"
"hatsune_unlock_story_condition","hatsune_unlock_story_condition_0_event_id","567 9"
"clan_invite_level_group",NULL,"49"
"ex_equipment_data",NULL,"187"
"asm_memory_gauge","asm_memory_gauge_0_unlock_story_id","24 3"
"asm_memory_gauge","asm_memory_gauge_0_gauge_id","24 12"
"asm_memory_gauge","sqlite_autoindex_asm_memory_gauge_1","24 12 1"
"asm_game_setting",NULL,"1"
"asm_4_choice_data",NULL,"900"
"kaiser_add_times_data",NULL,"178"
"pct_reward","pct_reward_0_pct_point_type","15 5"
"uek_drama","uek_drama_0_drama_id","379 10"
"shiori_quest","shiori_quest_0_drop_reward_id","620 11"
"shiori_quest","shiori_quest_0_event_id","620 20"
"sekai_boss_fix_reward",NULL,"15"
"clan_battle_boss_fix_reward",NULL,"40"
"room_setup",NULL,"409"
"sp_battle_voice","sp_battle_voice_0_unit_id","54 14"
"sp_battle_voice","sqlite_autoindex_sp_battle_voice_1","54 1 1"
"event_navi_comment",NULL,"2906"
"thumbnail_hide_condition",NULL,"4"
"cooperation_quest_data",NULL,"6"
"chara_e_ticket_data","chara_e_ticket_data_0_jewel_store_id","6 1"
"seasonpass_mission_data",NULL,"67"
"seasonpass_foundation",NULL,"1"
"legion_extermination_reward",NULL,"5"
"fke_happening_list",NULL,"20"
"tme_map_data","tme_map_data_0_event_id","12 12"
"uek_mission",NULL,"16"
"recover_stamina",NULL,"40"
"glossary_detail",NULL,"81"
"position_setting",NULL,"1"
"enemy_ignore_skill_rf",NULL,"182"
"caravan_shop_block_rank",NULL,"3"
"caravan_treasure","caravan_treasure_0_rarity_1_appraise_flag","24 8 4"
"music_list",NULL,"239"
"event_top_adv","event_top_adv_0_event_id_1_type","1748 15 5"
"shiori_boss","shiori_boss_0_wave_group_id_1","93 1"
"shiori_boss","shiori_boss_0_event_id_1_difficulty","93 3 1"
"shiori_boss","shiori_boss_0_event_id","93 3"
"hatsune_bg_change_data","hatsune_bg_change_data_0_target_type_1_area_id","118 59 2"
"gacha_exchange_lineup","gacha_exchange_lineup_0_exchange_id","519 3"
"campaign_schedule",NULL,"1389"
"unit_rarity","unit_rarity_0_unit_material_id","1413 6"
"unit_rarity","unit_rarity_0_unit_id","1413 6"
"unit_rarity","sqlite_autoindex_unit_rarity_1","1413 6 1"
"enemy_parameter",NULL,"16538"
"sre_mission_data","sre_mission_data_0_sre_id","50 50"
"sre_mission_data","sre_mission_data_0_sre_id_1_category_id","50 50 13"
"legion_boss_enemy_setting",NULL,"4"
"legion_quest_data","legion_quest_data_0_map_type","5 3"
"tower_enemy_parameter",NULL,"4322"
"ticket_gacha_data",NULL,"1"
"sp_lose_voice_group","sqlite_autoindex_sp_lose_voice_group_1","23 1 1"
"content_release_data",NULL,"48"
"caravan_event_effect",NULL,"7"
"caravan_dish_turn_effect","sqlite_autoindex_caravan_dish_turn_effect_1","6 2 1"
"tdf_wave_group_data",NULL,"76"
"cgg_goods_data",NULL,"63"
"tower_cloister_quest_data",NULL,"38"
"hatsune_bg_change",NULL,"2"
"custom_mypage","custom_mypage_0_still_group_id","228 228"
"guild",NULL,"20"
"mission_reward_data","mission_reward_data_0_mission_reward_id","798 4"
"music_content",NULL,"300"
"tower_ex_quest_data","tower_ex_quest_data_0_floor_num","46 1"
"event_enemy_parameter",NULL,"3764"
"shiori_description","shiori_description_0_type","20 1"
"shiori_quest_area","shiori_quest_area_0_event_id","72 3"
"secret_dungeon_schedule",NULL,"3"
"room_emotion_icon",NULL,"18"
"spskill_lv_initialize_data",NULL,"35"
"return_specialfes_banner",NULL,"23"
"colosseum_score",NULL,"9"
"caravan_sound_setting","caravan_sound_setting_0_scene_type_1_effect_type","36 6 3"
"caravan_sound_setting","caravan_sound_setting_0_scene_type","36 6"
"arcade_list",NULL,"10"
"kaiser_schedule",NULL,"1"
"pkb_drama","pkb_drama_0_drama_id","429 12"
"tower_quest_data","tower_quest_data_0_floor_num","670 1"
"svd_drama_script","svd_drama_script_0_drama_id","703 88"
"minigame","minigame_0_event_id","10 1"
"event_series_wave_group_data",NULL,"4518"
"clan_battle_period_lap_reward",NULL,"396"
"clan_battle_2_boss_data",NULL,"330"
"room_skin_color",NULL,"4"
"resist_data",NULL,"51"
"ccc_chara",NULL,"3"
"sjr_chara",NULL,"30"
"taq_unit",NULL,"72"
"serial_code_data",NULL,"26"
"legion_special_battle",NULL,"3"
"pct_system_fruits",NULL,"1"
"pct_system",NULL,"1"
"bmy_story_data","bmy_story_data_0_original_event_id","20 20"
"lsv_story_script","lsv_story_script_0_story_id","436 30"
"hatsune_quest_condition","hatsune_quest_condition_0_event_id","2540 20"
"login_bonus_adv","login_bonus_adv_0_login_bonus_id","69 7"
"unit_pos_adjustment",NULL,"4"
"mypage_frame","mypage_frame_0_group_id","4 1"
"sre_battle_bonus","sre_battle_bonus_0_sre_id_1_type","197 197 66"
"sre_battle_bonus","sre_battle_bonus_0_sre_id_1_sre_boss_id","197 197 29"
"sre_battle_bonus","sre_battle_bonus_0_type_1_sre_boss_id","197 66 10"
"sre_battle_bonus","sre_battle_bonus_0_type","197 66"
"taq_data",NULL,"1229"
"travel_top_event_drama","travel_top_event_drama_0_drama_id","2455 27"
"nyx_drama_script","nyx_drama_script_0_drama_id","735 74"
"hatsune_special_enemy",NULL,"364"
"hatsune_map",NULL,"14"
"room_item_announcement",NULL,"1"
"growth_parameter_unique",NULL,"2"
"enemy_m_parts",NULL,"471"
"wac_birthday_drama_script","wac_birthday_drama_script_0_drama_id","5994 83"
"cgg_completion_data",NULL,"5"
"travel_quest_result",NULL,"8"
"ttk_story_script","ttk_story_script_0_story_id","227 46"
"chara_fortune_reward",NULL,"44"
"experience_unit",NULL,"258"
"caravan_treasure_block_real","caravan_treasure_block_real_0_odds_id","59 20"
"vote_data",NULL,"1"
"dungeon_special_battle","dungeon_special_battle_0_quest_id","3 3"
"dungeon_special_battle","dungeon_special_battle_0_quest_id_1_mode","3 3 1"
"event_story_data","event_story_data_0_value","58 1"
"campaign_mission_schedule",NULL,"1"
"equipment_craft",NULL,"488"
"caravan_coin_shop_lineup","caravan_coin_shop_lineup_0_season_id","39 20"
"wts_navi_comment","wts_navi_comment_0_where_type","2 2"
"shiori_wave_group_data",NULL,"2670"
"hatsune_stationary_mission_data","hatsune_stationary_mission_data_0_event_id","3258 32"
"clan_battle_archive_person_rank",NULL,"6"
"unlock_rarity_6","unlock_rarity_6_0_material_id","336 4"
"unlock_rarity_6","unlock_rarity_6_0_unit_id_1_unlock_level","336 7 2"
"unlock_rarity_6","unlock_rarity_6_0_unit_id_1_slot_id","336 7 3"
"unlock_rarity_6","unlock_rarity_6_0_unit_id","336 7"
"unlock_rarity_6","sqlite_autoindex_unlock_rarity_6_1","336 7 3 1"
"item_e_ticket_data","item_e_ticket_data_0_exchange_number","251 3"
"item_e_ticket_data","item_e_ticket_data_0_ticket_id","251 11"
"item_e_ticket_data","sqlite_autoindex_item_e_ticket_data_1","251 11 1"
"unique_equipment_craft",NULL,"197"
"ccc_object",NULL,"5"
"sre_wave_group_data","sre_wave_group_data_0_wave_group_id","24 1"
"pkb_reward",NULL,"14"
"dsb_drama_script","dsb_drama_script_0_drama_id","963 54"
"event_revival_series_wave_group_data",NULL,"4518"
"fix_lineup_group_set_data",NULL,"48"
"clan_battle_odds_data","clan_battle_odds_data_0_odds_group_id","35 7"
"clan_battle_odds_data","sqlite_autoindex_clan_battle_odds_data_1","35 7 1 1"
"unit_data","unit_data_0_original_unit_id","273 69"
"ailment_data",NULL,"48"
"broadcast_schedule",NULL,"6"
"travel_ex_event_drama","travel_ex_event_drama_0_drama_id","359 11"
"kmk_reward",NULL,"15"
"pct_tap_speed",NULL,"8"
"nop_drama_script","nop_drama_script_0_drama_id","2293 26"
"environment_skill_detail",NULL,"1"
"skip_monster_data",NULL,"4708"
"quest_condition_data",NULL,"1190"
"enemy_enable_voice",NULL,"125"
"clanprofile_content",NULL,"35"
"enemy_reward_data",NULL,"4792"
"won_story_data","won_story_data_0_unit_id_1_is_last","30 5 3"
"won_story_data","won_story_data_0_note_id","30 15"
"won_story_data","won_story_data_0_original_event_id","30 30"
"lsv_drama_script","lsv_drama_script_0_drama_id","2440 163"
"dungeon_skip_data",NULL,"9"
"room_item",NULL,"471"
"bmy_navi_comment","bmy_navi_comment_0_where_type","5 5"
"svd_story_script","svd_story_script_0_story_id","262 27"
"clan_battle_training_data","clan_battle_training_data_0_training_id","140 5"
"skill_cost",NULL,"293"
"notif_data","notif_data_0_unit_id","1916 8"
"notif_data","sqlite_autoindex_notif_data_1","1916 8 1"
"caravan_map_object","caravan_map_object_0_season_id","353 177"
"caravan_gacha_block_lineup",NULL,"1"
"caravan_dish",NULL,"15"
"arcade_story_list","arcade_story_list_0_arcade_id","27 4"
"omp_story_data","omp_story_data_0_story_seq","15 1"
"omp_story_data","omp_story_data_0_event_id","15 8"
"uek_boss","uek_boss_0_enemy_id","4 1"
"unlock_skill_data",NULL,"4"
"myprofile_content",NULL,"24"
"tdf_difficulty_icon_data",NULL,"5"
"sre_boss_data","sre_boss_data_0_sre_id_1_phase","7 7 3"
"sre_boss_data","sre_boss_data_0_sre_id","7 7"
"sre_boss_data","sqlite_autoindex_sre_boss_data_1","7 1 1"
"taq_kanji_list",NULL,"1708"
"cgg_gacha_info","cgg_gacha_info_0_cgg_id","3 3"
"kaiser_quest_data",NULL,"5"
"vote_info","sqlite_autoindex_vote_info_1","3 3 1"
"tower_schedule","tower_schedule_0_opening_story_id","46 1"
"event_enemy_reward_group",NULL,"137"
"hatsune_diary_letter_script","hatsune_diary_letter_script_0_diary_id","151 51"
"hatsune_description","hatsune_description_0_event_id_1_type","764 7 3"
"campaign_freegacha",NULL,"28"
"clan_battle_recommend_data","clan_battle_recommend_data_0_recommend_group","9 3"
"arena_max_season_rank_reward",NULL,"118"
"unit_conversion","unit_conversion_0_unit_id","1 1"
"unit_promotion_status","sqlite_autoindex_unit_promotion_status_1","7540 29 1"
"unit_comments","unit_comments_0_unit_id_1_use_type","3234 6 4"
"unit_comments","unit_comments_0_unit_id","3234 6"
"dear_story_data","dear_story_data_0_value","26 1"
"quest_area_data","quest_area_data_0_map_type","141 36"
"unique_equipment_data",NULL,"200"
"travel_ex_event_data",NULL,"22"
"mme_story_data","mme_story_data_0_original_event_id","17 9"
"omp_drama","omp_drama_0_drama_id","601 67"
"dungeon_pattern_battle","dungeon_pattern_battle_0_quest_id","5 5"
"dungeon_pattern_battle","dungeon_pattern_battle_0_quest_id_1_pattern","5 5 1"
"arena_daily_rank_reward",NULL,"15"
"room_change",NULL,"1"
"chara_fortune_rail",NULL,"126"
"story_character_mask",NULL,"909"
"tips",NULL,"126"
"ttk_score",NULL,"4"
"tower_area_data",NULL,"46"
"event_boss_treasure_content",NULL,"2595"
"shiori_unlock_unit_condition","shiori_unlock_unit_condition_0_condition_mission_id","25 1"
"shiori_unlock_unit_condition","shiori_unlock_unit_condition_0_unit_id_1_event_id","25 1 1"
"hatsune_limit_chara",NULL,"10"
"hatsune_quiz_condition","hatsune_quiz_condition_0_event_id_1_quiz_id","12 6 2"
"hatsune_mission_reward_data","hatsune_mission_reward_data_0_mission_reward_id","8499 2"
"sd_navi_comment",NULL,"14"
"experience_team",NULL,"248"
"unique_equip_enhance_rate","unique_equip_enhance_rate_0_equipment_id","271 2"
"sekai_boss_damage_rank_reward",NULL,"15"
"secret_dungeon_floor_reward","secret_dungeon_floor_reward_0_dungeon_area_id","70 10"
"secret_dungeon_floor_reward","sqlite_autoindex_secret_dungeon_floor_reward_1","70 10 1"
"grand_arena_max_rank_reward",NULL,"79"
"combined_result_motion",NULL,"1"
"unit_profile",NULL,"248"
"ex_equipment_enhance_data","ex_equipment_enhance_data_0_rarity","17 5"
"ex_equipment_enhance_data","sqlite_autoindex_ex_equipment_enhance_data_1","17 5 1"
"specialfes_banner",NULL,"26"
"psy_drama",NULL,"11"
"ttk_weapon","ttk_weapon_0_ttk_score","4 1"
"tower_wave_group_data",NULL,"885"
"mhp_story_data","mhp_story_data_0_unit_id","17 3"
"mhp_story_data","mhp_story_data_0_original_event_id","17 17"
"login_bonus_data",NULL,"34"
"unit_attack_pattern",NULL,"2018"
"byway_story_detail","byway_story_detail_0_pre_story_id","15 2"
"byway_story_detail","byway_story_detail_0_unlock_quest_id","15 1"
"chara_story_status",NULL,"1238"
"visual_customize",NULL,"21"
"sre_extermination_reward",NULL,"8"
"sjr_rail","sjr_rail_0_rail_id","6594 13"
"apa_schedule",NULL,"1"
"wac_unit_search_data","wac_unit_search_data_0_unit_id","609 8"
"wac_unit_search_data","wac_unit_search_data_0_unit_search_id","609 2"
"travel_top_event_pos_detail",NULL,"15"
"hatsune_emblem_mission","hatsune_emblem_mission_0_event_id","202 3"
"won_story_script","won_story_script_0_story_id","300 50"
"sekai_top_story_data","sekai_top_story_data_0_sekai_id","4 4"
"clan_grade",NULL,"10"
"room_item_get_announcement",NULL,"9"
"exceed_level_unit","exceed_level_unit_0_unit_id","243 1"
"exceed_level_unit","sqlite_autoindex_exceed_level_unit_1","243 1 1"
"tp_recovery_at",NULL,"1"
"bg_data","sqlite_autoindex_bg_data_1","182 1"
"asm_reaction_data","asm_reaction_data_0_unit_id_1_reaction_type","524 262 8"
"ttk_enemy",NULL,"8"
"chara_fortune_scenario",NULL,"33"
"skill_data",NULL,"4800"
"love_chara",NULL,"12"
"sjr_name_later",NULL,"95"
"nop_drama_data","nop_drama_data_0_stage_id","18 6"
"hatsune_boss","hatsune_boss_0_wave_group_id_1","464 2"
"hatsune_boss","hatsune_boss_0_event_id_1_difficulty","464 5 1"
"hatsune_boss","hatsune_boss_0_event_id","464 5"
"clan_battle_boss_damage_rank","clan_battle_boss_damage_rank_0_damage_rank_id","160 4"
"clan_battle_boss_damage_rank","sqlite_autoindex_clan_battle_boss_damage_rank_1","160 4 1 1"
"wave_group_data","wave_group_data_0_wave_group_id","7089 2"
"campaign_mission_category","campaign_mission_category_0_campaign_id_1_type","2 2 1"
"equipment_enhance_rate",NULL,"525"
"sjr_ub_data",NULL,"30"
"legion_schedule",NULL,"1"
"kaiser_restriction_group","kaiser_restriction_group_0_restriction_group_id","100 20"
"kaiser_restriction_group","sqlite_autoindex_kaiser_restriction_group_1","100 20 1"
"srt_top_talk","srt_top_talk_0_talk_id","45 2"
"srt_panel","srt_panel_0_version","651 326"
"srt_panel","srt_panel_0_panel_id","651 4"
"nyx_drama_data",NULL,"10"
"skip_boss_data",NULL,"234"
"global_data","sqlite_autoindex_global_data_1","2 1"
"sre_mission_reward_data","sre_mission_reward_data_0_mission_reward_id","98 2"
"ttk_navi_comment",NULL,"13"
"series_unlock_condition",NULL,"8"
"hatsune_quiz_reward",NULL,"8"
"campaign_beginner_data",NULL,"10"
"tower_story_data",NULL,"24"
"equipment_enhance_data","sqlite_autoindex_equipment_enhance_data_1","34 5 1"
"asm_archive_completion_reward","asm_archive_completion_reward_0_emblem_id","3 1"
"tdf_phase_data","sqlite_autoindex_tdf_phase_data_1","15 5 1"
"pct_result","pct_result_0_character_id","4 2"
"shop_static_price_group",NULL,"6"
"event_bg_data",NULL,"1"
"sjr_course",NULL,"180"
"wac_drama_script","wac_drama_script_0_drama_id","17968 15"
"birthday_login_bonus_detail","birthday_login_bonus_detail_0_login_bonus_id","213 2"
"profile_frame",NULL,"11"
"sjr_name_former",NULL,"131"
"sjr_proper_feature",NULL,"30"
"seasonpass_level_reward",NULL,"100"
"legion_mission_category_data",NULL,"5"
"psy_note",NULL,"66"
"event_effect_setting","sqlite_autoindex_event_effect_setting_1","160 3 1"
"grand_arena_defence_reward",NULL,"1"
"chara_fortune_schedule",NULL,"11"
"unit_mypage_pos",NULL,"36"
"unlock_unit_condition",NULL,"207"
"hp_drain_at",NULL,"1"
"daily_mission_data",NULL,"434"
"equipment_donation",NULL,"9"
"equipment_data","equipment_data_0_original_equipment_id","1021 2"
"trial_battle_category",NULL,"5"
"wac_mural_bg_data","sqlite_autoindex_wac_mural_bg_data_1","413 413 1"
"taq_genre",NULL,"6"
"hatsune_map_event","hatsune_map_event_0_target_event_id","133 8"
"movie","movie_0_story_id","509 2"
"exceed_level_stage",NULL,"1"
"chara_identity",NULL,"252"
"ub_auto_data",NULL,"19"
"define_spskill","define_spskill_0_sp_skill_id","33 2"
"character_love_rankup_text",NULL,"42"
"caravan_mile_block_reward",NULL,"3"
"sre_effect",NULL,"2"
"trial_battle_mission_reward","trial_battle_mission_reward_0_mission_reward_id","2 2"
"taq_completion_rewards",NULL,"3"
"srt_action","sqlite_autoindex_srt_action_1","41 1"
"shiori_item",NULL,"31"
"dungeon_area",NULL,"11"
"arena_defence_reward",NULL,"1"
"stationary_mission_data",NULL,"1854"
"banner",NULL,"248"
"cgg_gacha_lineup","cgg_gacha_lineup_0_gacha_type","60 20"
"lto_story_data","lto_story_data_0_event_id","1 1"
"dear_chara","dear_chara_0_event_id","70 3"
"dear_chara","sqlite_autoindex_dear_chara_1","70 3 1"
"secret_dungeon_emblem_reward","secret_dungeon_emblem_reward_0_reward_id","5 1"
"secret_dungeon_emblem_reward","secret_dungeon_emblem_reward_0_mission_reward_id","5 1"
"sp_detail_voice",NULL,"4"
"unit_enemy_data",NULL,"1525"
"unique_equipment_enhance_data","sqlite_autoindex_unique_equipment_enhance_data_1","295 148 1"
"sre_schedule",NULL,"1"
"kmk_navi_comment",NULL,"11"
"ske_story_data","ske_story_data_0_original_event_id","12 6"
"unique_equipment_enhance_rate",NULL,"152"
"wac_mural_data","wac_mural_data_0_mural_group_id","147 11"
"wac_mural_data","sqlite_autoindex_wac_mural_data_1","147 11 1"
"legion_mission_reward_data","legion_mission_reward_data_0_mission_reward_id","62 3"
"travel_round_event_drama","travel_round_event_drama_0_drama_id","959 30"
"hatsune_item",NULL,"127"
"unit_motion_list",NULL,"245"
"dodge_tp_recovery",NULL,"45"
"unique_equipment_rankup","unique_equipment_rankup_0_equip_id","3349 17"
"unique_equipment_rankup","sqlite_autoindex_unique_equipment_rankup_1","3349 17 1"
"hatsune_emblem_mission_reward","hatsune_emblem_mission_reward_0_reward_id","485 2"
"hatsune_emblem_mission_reward","hatsune_emblem_mission_reward_0_mission_reward_id","485 2"
"pkb_navi_comment",NULL,"33"
"hatsune_schedule","hatsune_schedule_0_original_event_id","103 3"
"hatsune_schedule","hatsune_schedule_0_series_event_id","103 18"
"prizegacha_sp_detail",NULL,"5"
"room_character_personality",NULL,"252"
"guild_additional_member",NULL,"1"
"unit_promotion","unit_promotion_0_unit_id","7170 26"
"unit_promotion","sqlite_autoindex_unit_promotion_1","7170 26 1"
"item_data",NULL,"772"
"caravan_treasure_block_rank",NULL,"3"
"sjr_npc_action_odds","sjr_npc_action_odds_0_action_odds_id","258 2"
"trial_battle_mission_data",NULL,"25"
"ttk_reward","ttk_reward_0_ttk_score","2 1"
"event_navi_comment_condition",NULL,"1784"
"shiori_quest_condition",NULL,"620"
"clan_battle_s_boss_fix_reward",NULL,"798"
"secret_dungeon_floor_setting","secret_dungeon_floor_setting_0_quest_id_1_mode","330 2 2"
"secret_dungeon_floor_setting","secret_dungeon_floor_setting_0_quest_id","330 2"
"e_reduction",NULL,"14"
"reward_collect_guide",NULL,"426"